﻿<?xml version="1.0" encoding="utf-8"?>
<ns5:SubmitObjectsRequest xmlns:xsi="http://www.w3.org/2001/XMLSchema-instance"
    xmlns:xsd="http://www.w3.org/2001/XMLSchema"
    xmlns:ns5="urn:oasis:names:tc:ebxml-regrep:xsd:lcm:3.0">
    <RegistryObjectList xmlns="urn:oasis:names:tc:ebxml-regrep:xsd:rim:3.0">
        <ns2:RegistryPackage id="SubmissionSet01"
            xmlns:ns2="urn:oasis:names:tc:ebxml-regrep:xsd:rim:3.0">
            <ns2:Slot name="submissionTime">
                <ns2:ValueList>
                    <ns2:Value>20160711123043</ns2:Value>
                </ns2:ValueList>
            </ns2:Slot>
            <ns2:Name>
                <ns2:LocalizedString xml:lang="FR" charset="UTF8"
                    value="Comptes rendus / Prescriptions"/>
            </ns2:Name>
            <ns2:Description>
                <ns2:LocalizedString xml:lang="FR" charset="UTF8" value="Lot de documents"/>
            </ns2:Description>
            <ns2:Classification id="SubmissionSet01_c001"
                classificationScheme="urn:uuid:a7058bb9-b4e4-4307-ba5b-e3f0ab85e12d"
                classifiedObject="SubmissionSet01" nodeRepresentation="">
                <ns2:Slot name="authorPerson">
                    <ns2:ValueList>
                        <ns2:Value>00B1057294^MEDECIN5729^PAUL^^^^^^&amp;1.2.250.1.71.4.2.1&amp;ISO^D^^^IDNPS</ns2:Value>
                    </ns2:ValueList>
                </ns2:Slot>
                <ns2:Slot name="authorSpecialty">
                    <ns2:ValueList>
                        <ns2:Value>G15_10/SM26^Médecin - Qualifié en Médecine Générale
                            (SM)^1.2.250.1.213.1.1.4.5</ns2:Value>
                    </ns2:ValueList>
                </ns2:Slot>
                <ns2:Slot name="authorInstitution">
                    <ns2:ValueList>
                        <ns2:Value>CABINET M.
                            MEDECIN5729^^^^^&amp;1.2.250.1.71.4.2.2&amp;ISO^^^^00B105729400</ns2:Value>
                    </ns2:ValueList>
                </ns2:Slot>
            </ns2:Classification>
            <ns2:Classification id="SubmissionSet01_c002"
                classificationScheme="urn:uuid:aa543740-bdda-424e-8c96-df4873be8500"
                classifiedObject="SubmissionSet01" nodeRepresentation="SA07">
                <ns2:Slot name="codingScheme">
                    <ns2:ValueList>
                        <ns2:Value>1.2.250.1.71.4.2.4</ns2:Value>
                    </ns2:ValueList>
                </ns2:Slot>
                <ns2:Name>
                    <ns2:LocalizedString xml:lang="FR" charset="UTF8" value="Cabinet individuel"/>
                </ns2:Name>
            </ns2:Classification>
            <ns2:Classification id="SubmissionSet01_c003" classifiedObject="SubmissionSet01"
                classificationNode="urn:uuid:a54d6aa5-d40d-43f9-88c5-b4633d873bdd"/>
            <ns2:ExternalIdentifier id="SubmissionSet01_e005" registryObject="SubmissionSet01"
                identificationScheme="urn:uuid:6b5aea1a-874d-4603-a4bc-96a0a7b38446"
                value="0218805328320789819507^^^&amp;1.2.250.1.213.1.4.2&amp;ISO">
                <ns2:Name>
                    <ns2:LocalizedString xml:lang="FR" charset="UTF8"
                        value="XDSSubmissionSet.patientId"/>
                </ns2:Name>
            </ns2:ExternalIdentifier>
            <ns2:ExternalIdentifier id="SubmissionSet01_e004" registryObject="SubmissionSet01"
                identificationScheme="urn:uuid:554ac39e-e3fe-47fe-b233-965d2a147832"
                value="1.2.250.1.213.1.1.9.8.1.635973781821450393810">
                <ns2:Name>
                    <ns2:LocalizedString xml:lang="FR" charset="UTF8"
                        value="XDSSubmissionSet.sourceId"/>
                </ns2:Name>
            </ns2:ExternalIdentifier>
            <ns2:ExternalIdentifier id="SubmissionSet01_e003" registryObject="SubmissionSet01"
                identificationScheme="urn:uuid:96fdda7c-d067-4183-912e-bf5ee74998a8"
                value="1.2.250.1.213.1.1.9.8.1.2.635973781821450393810.20160711143043361231">
                <ns2:Name>
                    <ns2:LocalizedString xml:lang="FR" charset="UTF8"
                        value="XDSSubmissionSet.uniqueId"/>
                </ns2:Name>
            </ns2:ExternalIdentifier>
        </ns2:RegistryPackage>
        <ns2:ExtrinsicObject id="efbb37ce-cec0-42d4-ba59-71eec9fc789e"
            objectType="urn:uuid:7edca82f-054d-47f2-a032-9b2a5b5186c1" mimeType="text/xml"
            xmlns:ns2="urn:oasis:names:tc:ebxml-regrep:xsd:rim:3.0">
            <ns2:Slot name="hash">
                <ns2:ValueList>
                    <ns2:Value>D9C2470D4C7BAA6903BC5B2B4415593C8C12C9FF</ns2:Value>
                </ns2:ValueList>
            </ns2:Slot>
            <ns2:Slot name="size">
                <ns2:ValueList>
                    <ns2:Value>60582</ns2:Value>
                </ns2:ValueList>
            </ns2:Slot>
            <ns2:Slot name="URI">
                <ns2:ValueList>
                    <ns2:Value>DOC00001.XML</ns2:Value>
                </ns2:ValueList>
            </ns2:Slot>
            <ns2:Slot name="creationTime">
                <ns2:ValueList>
                    <ns2:Value>20160711122758</ns2:Value>
                </ns2:ValueList>
            </ns2:Slot>
            <ns2:Slot name="languageCode">
                <ns2:ValueList>
                    <ns2:Value>fr-FR</ns2:Value>
                </ns2:ValueList>
            </ns2:Slot>
            <ns2:Slot name="legalAuthenticator">
                <ns2:ValueList>
                    <ns2:Value>00B1057294^MEDECIN5729^PAUL^^^^^^&amp;1.2.250.1.71.4.2.1&amp;ISO^D^^^IDNPS</ns2:Value>
                </ns2:ValueList>
            </ns2:Slot>
            <ns2:Slot name="serviceStartTime">
                <ns2:ValueList>
                    <ns2:Value>20160711122758</ns2:Value>
                </ns2:ValueList>
            </ns2:Slot>
            <ns2:Slot name="serviceStopTime">
                <ns2:ValueList>
                    <ns2:Value>20160711122758</ns2:Value>
                </ns2:ValueList>
            </ns2:Slot>
            <ns2:Slot name="sourcePatientId">
                <ns2:ValueList>
                    <ns2:Value>0218805328320789819507^^^&amp;1.2.250.1.213.1.4.2&amp;ISO</ns2:Value>
                </ns2:ValueList>
            </ns2:Slot>
            <ns2:Slot name="sourcePatientInfo">
                <ns2:ValueList>
                    <ns2:Value>PID-5|SAUVEUR^Sylvaine^^^^^L</ns2:Value>
                    <ns2:Value>PID-7|19750301</ns2:Value>
                    <ns2:Value>PID-8|F</ns2:Value>
                </ns2:ValueList>
            </ns2:Slot>
            <ns2:Name>
                <ns2:LocalizedString xml:lang="FR" charset="UTF8" value="Synthèse médicale"/>
            </ns2:Name>
            <ns2:Description>
                <ns2:LocalizedString xml:lang="FR" charset="UTF8" value="Synthèse médicale"/>
            </ns2:Description>
            <ns2:Classification id="cla11"
                classificationScheme="urn:uuid:93606bcf-9494-43ec-9b4e-a7748d1a838d"
                classifiedObject="efbb37ce-cec0-42d4-ba59-71eec9fc789e" nodeRepresentation="">
                <ns2:Slot name="authorPerson">
                    <ns2:ValueList>
                        <ns2:Value>00B1057294^MEDECIN5729^PAUL^^^^^^&amp;1.2.250.1.71.4.2.1&amp;ISO^D^^^IDNPS</ns2:Value>
                    </ns2:ValueList>
                </ns2:Slot>
                <ns2:Slot name="authorSpecialty">
                    <ns2:ValueList>
                        <ns2:Value>G15_10/SM26^Médecin - Qualifié en Médecine Générale
                            (SM)^1.2.250.1.213.1.1.4.5</ns2:Value>
                    </ns2:ValueList>
                </ns2:Slot>
                <ns2:Slot name="authorInstitution">
                    <ns2:ValueList>
                        <ns2:Value>CABINET M.
                            MEDECIN5729^^^^^&amp;1.2.250.1.71.4.2.2&amp;ISO^^^^00B105729400</ns2:Value>
                    </ns2:ValueList>
                </ns2:Slot>
            </ns2:Classification>
            <ns2:Classification id="cla12"
                classificationScheme="urn:uuid:41a5887f-8865-4c09-adf7-e362475b143a"
                classifiedObject="efbb37ce-cec0-42d4-ba59-71eec9fc789e" nodeRepresentation="10">
                <ns2:Slot name="codingScheme">
                    <ns2:ValueList>
                        <ns2:Value>1.2.250.1.213.1.1.4.1</ns2:Value>
                    </ns2:ValueList>
                </ns2:Slot>
                <ns2:Name>
                    <ns2:LocalizedString xml:lang="FR" charset="UTF8" value="Comptes rendus"/>
                </ns2:Name>
            </ns2:Classification>
            <ns2:Classification id="cla13"
                classificationScheme="urn:uuid:f4f85eac-e6cb-4883-b524-f2705394840f"
                classifiedObject="efbb37ce-cec0-42d4-ba59-71eec9fc789e" nodeRepresentation="N">
                <ns2:Slot name="codingScheme">
                    <ns2:ValueList>
                        <ns2:Value>2.16.840.1.113883.5.25</ns2:Value>
                    </ns2:ValueList>
                </ns2:Slot>
                <ns2:Name>
                    <ns2:LocalizedString xml:lang="FR" charset="UTF8" value="Normal"/>
                </ns2:Name>
            </ns2:Classification>
            <ns2:Classification id="cla14"
                classificationScheme="urn:uuid:a09d5840-386c-46f2-b5ad-9c3699a4309d"
                classifiedObject="efbb37ce-cec0-42d4-ba59-71eec9fc789e"
                nodeRepresentation="urn:asip:ci-sis:vsm:2012">
                <ns2:Slot name="codingScheme">
                    <ns2:ValueList>
                        <ns2:Value>1.2.250.1.213.1.1.4.2.282</ns2:Value>
                    </ns2:ValueList>
                </ns2:Slot>
                <ns2:Name>
                    <ns2:LocalizedString xml:lang="FR" charset="UTF8" value="Synthèse Médicale"/>
                </ns2:Name>
            </ns2:Classification>
            <ns2:Classification id="cla15"
                classificationScheme="urn:uuid:f33fb8ac-18af-42cc-ae0e-ed0b0bdb91e1"
                classifiedObject="efbb37ce-cec0-42d4-ba59-71eec9fc789e" nodeRepresentation="SA07">
                <ns2:Slot name="codingScheme">
                    <ns2:ValueList>
                        <ns2:Value>1.2.250.1.71.4.2.4</ns2:Value>
                    </ns2:ValueList>
                </ns2:Slot>
                <ns2:Name>
                    <ns2:LocalizedString xml:lang="FR" charset="UTF8" value="Cabinet individuel"/>
                </ns2:Name>
            </ns2:Classification>
            <ns2:Classification id="cla16"
                classificationScheme="urn:uuid:cccf5598-8b07-4b77-a05e-ae952c785ead"
                classifiedObject="efbb37ce-cec0-42d4-ba59-71eec9fc789e"
                nodeRepresentation="AMBULATOIRE">
                <ns2:Slot name="codingScheme">
                    <ns2:ValueList>
                        <ns2:Value>1.2.250.1.213.1.1.4.9</ns2:Value>
                    </ns2:ValueList>
                </ns2:Slot>
                <ns2:Name>
                    <ns2:LocalizedString xml:lang="FR" charset="UTF8" value="Ambulatoire"/>
                </ns2:Name>
            </ns2:Classification>
            <ns2:Classification id="cla17"
                classificationScheme="urn:uuid:f0306f51-975f-434e-a61c-c59651d33983"
                classifiedObject="efbb37ce-cec0-42d4-ba59-71eec9fc789e" nodeRepresentation="SYNTH">
                <ns2:Slot name="codingScheme">
                    <ns2:ValueList>
                        <ns2:Value>1.2.250.1.213.1.1.4.12</ns2:Value>
                    </ns2:ValueList>
                </ns2:Slot>
                <ns2:Name>
                    <ns2:LocalizedString xml:lang="FR" charset="UTF8" value="Synthèse"/>
                </ns2:Name>
            </ns2:Classification>
            <ns2:ExternalIdentifier id="ei11" registryObject="efbb37ce-cec0-42d4-ba59-71eec9fc789e"
                identificationScheme="urn:uuid:58a6f841-87b3-4a3e-92fd-a8ffeff98427"
                value="0218805328320789819507^^^&amp;1.2.250.1.213.1.4.2&amp;ISO">
                <ns2:Name>
                    <ns2:LocalizedString xml:lang="FR" charset="UTF8"
                        value="XDSDocumentEntry.patientId"/>
                </ns2:Name>
            </ns2:ExternalIdentifier>
            <ns2:ExternalIdentifier id="ei12" registryObject="efbb37ce-cec0-42d4-ba59-71eec9fc789e"
                identificationScheme="urn:uuid:2e82c1f6-a085-4c72-9da3-8640a32e42ab"
                value="1.2.250.1.213.1.1.9.8.1.635973781821450393810.2^7">
                <ns2:Name>
                    <ns2:LocalizedString xml:lang="FR" charset="UTF8"
                        value="XDSDocumentEntry.uniqueId"/>
                </ns2:Name>
            </ns2:ExternalIdentifier>
        </ns2:ExtrinsicObject>
        <ns2:Association id="association1" objectType="Original"
            associationType="urn:oasis:names:tc:ebxml-regrep:AssociationType:HasMember"
            sourceObject="SubmissionSet01" targetObject="efbb37ce-cec0-42d4-ba59-71eec9fc789e"
            xmlns:ns2="urn:oasis:names:tc:ebxml-regrep:xsd:rim:3.0">
            <ns2:Slot name="SubmissionSetStatus">
                <ns2:ValueList>
                    <ns2:Value>Original</ns2:Value>
                </ns2:ValueList>
            </ns2:Slot>
        </ns2:Association>
    </RegistryObjectList>
</ns5:SubmitObjectsRequest>
